employee_id,employee_code,first_name,last_name,gender,age,city,department,job_title,employment_type,join_date,years_experience,monthly_salary,annual_bonus,performance_rating,projects_completed,leave_days_taken,overtime_hours,remote_worker,employment_status,education_level,email,phone,emergency_contact,manager_name,certification,work_shift,performance_category,promotion_eligible
1,EMP0001,Prakash,Adhikari,Other,53,Kathmandu,IT,Software Engineer,Contract,2017-04-20,9,105000,15750,4.1,7,25,73,No,Active,Diploma,prakash.adhikari1@company.com,9869202768,9842203407,Amit Pandey,SQL,Day,Average,No
2,EMP0002,Prakash,Gurung,Male,46,Bhaktapur,Operations,Operations Officer,Contract,2020-08-22,5,145000,14500,4.5,12,16,9,No,Active,PhD,prakash.gurung2@company.com,9884819744,9882217824,Sanjay Sharma,AWS,Evening,Good,No
3,EMP0003,Ramesh,Maharjan,Other,58,Bhaktapur,IT,QA Engineer,Full-Time,2026-03-07,0,70000,8400,3.8,13,27,76,No,Inactive,Master,ramesh.maharjan3@company.com,9880417695,9844714533,Mina Rai,Power BI,Day,Excellent,Yes
4,EMP0004,Amit,KC,Other,51,Lalitpur,Operations,Operations Manager,Intern,2018-03-12,8,187500,15000,4.6,2,20,58,No,On Leave,Diploma,amit.kc4@company.com,9843689519,9885134554,Amit Pandey,Power BI,Day,Good,No
5,EMP0005,Aarya,Thapa,Other,59,Kathmandu,IT,Data Engineer,Contract,2025-04-11,1,200000,24000,3.4,4,8,62,No,On Leave,Bachelor,aarya.thapa5@company.com,9876727300,9868281295,Amit Pandey,PMP,Evening,Average,No
6,EMP0006,Deepak,Thapa,Female,48,Bhaktapur,Marketing,Brand Manager,Full-Time,2025-09-30,0,55000,5500,4.8,6,3,24,No,Inactive,Master,deepak.thapa6@company.com,9870316750,9811883416,Rita Thapa,SQL,Day,Excellent,Yes
7,EMP0007,Suman,Rai,Female,43,Chitwan,Analytics,Data Scientist,Contract,2018-06-21,8,35000,3500,4.2,10,24,62,Yes,Active,Diploma,suman.rai7@company.com,9839920845,9873482774,Amit Pandey,PMP,Flexible,Excellent,Yes
8,EMP0008,Runa,Maharjan,Female,58,Butwal,Analytics,BI Analyst,Contract,2021-11-11,4,195000,23400,3.5,3,16,25,No,Active,Bachelor,runa.maharjan8@company.com,9824245056,9862257400,Sanjay Sharma,SQL,Flexible,Good,No
9,EMP0009,Nisha,Pandey,Other,41,Pokhara,Operations,Operations Manager,Full-Time,2017-09-21,8,192500,23100,3.9,13,5,19,Yes,Inactive,Diploma,nisha.pandey9@company.com,9893663689,9855153375,Mina Rai,Power BI,Day,Excellent,Yes
10,EMP0010,Mina,Adhikari,Female,24,Biratnagar,IT,Software Engineer,Intern,2025-02-18,1,240000,19200,3.7,11,28,2,Yes,On Leave,Diploma,mina.adhikari10@company.com,9839356575,9879370789,Amit Pandey,Python,Flexible,Good,Yes
11,EMP0011,Nisha,Thapa,Male,43,Bhaktapur,Marketing,Marketing Executive,Contract,2018-12-02,7,117500,14100,3.7,13,26,53,No,Active,Master,nisha.thapa11@company.com,9833751475,9853726695,Mina Rai,PMP,Day,Excellent,Yes
12,EMP0012,Mina,Tamang,Other,47,Biratnagar,Marketing,Marketing Executive,Contract,2019-02-03,7,42500,4250,4.6,6,17,73,Yes,Inactive,PhD,mina.tamang12@company.com,9893320274,9847644351,Sanjay Sharma,PMP,Flexible,Average,Yes
13,EMP0013,Runa,Rai,Other,27,Butwal,IT,Software Engineer,Contract,2024-10-12,1,87500,4375,4.2,13,11,23,Yes,On Leave,Master,runa.rai13@company.com,9852084090,9847149597,Amit Pandey,,Evening,Good,Yes
14,EMP0014,Rita,Poudel,Male,37,Chitwan,IT,QA Engineer,Full-Time,2024-04-18,2,37500,1875,2.7,1,9,15,Yes,On Leave,PhD,rita.poudel14@company.com,9887373976,9857017385,Amit Pandey,AWS,Flexible,Excellent,No
15,EMP0015,Nabin,Maharjan,Other,28,Butwal,Marketing,Marketing Executive,Contract,2023-05-24,3,195000,19500,3.5,14,11,7,No,On Leave,PhD,nabin.maharjan15@company.com,9847773020,9854365408,Sanjay Sharma,AWS,Flexible,Excellent,No
16,EMP0016,Suman,Khatri,Male,28,Bhaktapur,HR,Recruiter,Intern,2018-08-21,7,232500,11625,2.8,3,16,45,No,Active,Diploma,suman.khatri16@company.com,9867011675,9887594913,Sanjay Sharma,Python,Flexible,Excellent,Yes
17,EMP0017,Suman,Khatri,Female,55,Biratnagar,HR,HR Manager,Full-Time,2023-11-26,2,115000,9200,3.1,1,8,69,No,Active,Bachelor,suman.khatri17@company.com,9845408799,,Mina Rai,AWS,Flexible,Average,No
18,EMP0018,Mina,Adhikari,Male,41,Butwal,Finance,Financial Analyst,Contract,2016-04-05,10,245000,12250,4.1,4,15,7,Yes,On Leave,Master,mina.adhikari18@company.com,9830246318,9863562849,Amit Pandey,None,Evening,Good,No
19,EMP0019,Sabina,Adhikari,Female,51,Kathmandu,Operations,Project Coordinator,Contract,2022-01-01,4,95000,7600,4.1,3,15,0,No,Inactive,PhD,,9864804706,9815034008,Amit Pandey,None,Day,Average,Yes
20,EMP0020,Suman,Gurung,Other,58,Bhaktapur,IT,Data Engineer,Contract,2021-11-17,4,217500,10875,4.9,7,17,66,Yes,On Leave,Bachelor,suman.gurung20@company.com,9824082320,9821480544,Amit Pandey,Python,Flexible,Average,Yes
21,EMP0021,Sneha,Rai,Male,39,Butwal,HR,HR Manager,Part-Time,2021-05-28,5,147500,11800,4.9,4,23,80,Yes,Inactive,Bachelor,sneha.rai21@company.com,9896943854,9874426133,Amit Pandey,Power BI,Day,Good,Yes
22,EMP0022,Aarav,Maharjan,Female,28,Butwal,HR,HR Manager,Full-Time,2015-01-17,8,152500,7625,3.4,4,17,19,Yes,On Leave,PhD,aarav.maharjan22@company.com,9824263193,9853794068,Rita Thapa,Power BI,Flexible,Good,Yes
23,EMP0023,Sanjay,Maharjan,Male,52,Lalitpur,Finance,Finance Officer,Part-Time,2017-09-17,8,212500,31875,3.1,6,21,58,No,Active,PhD,sanjay.maharjan23@company.com,,9821793294,Sanjay Sharma,Power BI,Evening,Average,No
24,EMP0024,Deepak,Maharjan,Female,52,Bhaktapur,Finance,Finance Officer,Part-Time,2024-01-15,2,135000,10800,3,8,7,44,No,On Leave,PhD,deepak.maharjan24@company.com,9889170107,9861221192,Mina Rai,Python,Evening,Excellent,No
25,EMP0025,Pratigya,Poudel,Other,49,Bhaktapur,Finance,Accountant,Full-Time,2020-11-29,5,80000,12000,4.1,4,10,18,Yes,Inactive,PhD,pratigya.poudel25@company.com,9849388796,9887093109,Prakash Karki,Power BI,Flexible,Good,No
26,EMP0026,Nabin,Karki,Other,52,Lalitpur,IT,Software Engineer,Contract,2019-09-16,6,170000,17000,4.1,1,29,51,Yes,Inactive,Diploma,nabin.karki26@company.com,9845843496,9885017167,Sanjay Sharma,,Evening,Good,No
27,EMP0027,Aarya,Karki,Other,35,Biratnagar,IT,Software Engineer,Full-Time,2017-09-16,8,245000,24500,3.3,13,6,58,No,Active,Master,aarya.karki27@company.com,9894579966,9859584636,Amit Pandey,SQL,Evening,Excellent,No
28,EMP0028,Amit,Sharma,Female,31,Pokhara,HR,HR Manager,Part-Time,2021-12-09,4,60000,9000,3.5,9,21,75,Yes,On Leave,PhD,amit.sharma28@company.com,9813798947,9846356183,Sanjay Sharma,Power BI,Evening,Good,No
29,EMP0029,Sanjay,Rai,Male,52,Chitwan,Sales,Business Development Officer,Intern,2022-05-03,4,115000,5750,4.1,3,0,61,No,On Leave,Master,sanjay.rai29@company.com,9872561166,9836673639,Prakash Karki,AWS,Flexible,Excellent,No
30,EMP0030,Anish,Basnet,Male,53,Pokhara,Analytics,Data Analyst,Part-Time,2021-09-12,4,187500,28125,2.7,9,16,76,No,On Leave,Diploma,anish.basnet30@company.com,9852672583,9898658609,Mina Rai,AWS,Flexible,Excellent,Yes
31,EMP0031,Sabina,Gurung,Other,34,Bhaktapur,IT,QA Engineer,Part-Time,2024-08-15,1,197500,29625,2.8,4,25,34,No,Active,Master,sabina.gurung31@company.com,9885012599,9853722847,Rita Thapa,AWS,Flexible,Excellent,Yes
32,EMP0032,Pratigya,Karki,Male,57,Pokhara,Analytics,Data Analyst,Full-Time,2016-05-15,10,247500,12375,3.2,5,30,22,Yes,Active,Master,pratigya.karki32@company.com,9882520415,9857868867,Prakash Karki,Python,Evening,Average,No
33,EMP0033,Aarav,Rai,Female,35,Kathmandu,Sales,Sales Executive,Contract,2023-03-03,3,207500,10375,3.7,12,13,19,No,Inactive,PhD,aarav.rai33@company.com,9878214548,9815405350,Rita Thapa,Power BI,Evening,Excellent,Yes
34,EMP0034,Binita,Poudel,Female,26,Chitwan,Sales,Sales Manager,Intern,2024-06-25,2,245000,29400,3,14,5,30,Yes,On Leave,PhD,binita.poudel34@company.com,9838549945,,Mina Rai,AWS,Flexible,Excellent,No
35,EMP0035,Sujan,Pandey,Female,56,Biratnagar,Operations,Project Coordinator,Part-Time,2025-10-21,0,62500,5000,4.3,2,24,10,No,On Leave,Bachelor,sujan.pandey35@company.com,9831215328,9825454771,Amit Pandey,Python,Flexible,Excellent,No
36,EMP0036,Sujan,Tamang,Female,46,Lalitpur,Finance,Accountant,Intern,2015-03-20,11,187500,28125,3.7,5,26,45,No,Inactive,Bachelor,sujan.tamang36@company.com,9824423415,9829326305,Rita Thapa,PMP,Flexible,Average,No
37,EMP0037,Kusum,Sharma,Other,26,Kathmandu,Analytics,Data Analyst,Intern,2025-05-04,1,182500,18250,3.9,13,16,67,Yes,Inactive,Bachelor,kusum.sharma37@company.com,9849830184,9814996960,Prakash Karki,SQL,Evening,Average,No
38,EMP0038,Sanjay,Adhikari,Other,22,Kathmandu,Sales,Business Development Officer,Contract,2018-06-08,2,135000,10800,2.6,7,2,21,No,Inactive,Master,,9816199453,9819546277,Sanjay Sharma,PMP,Evening,Good,Yes
39,EMP0039,Roshani,Maharjan,Female,50,Bhaktapur,Finance,Financial Analyst,Full-Time,2020-06-09,6,162500,13000,3.8,14,10,53,Yes,Inactive,Diploma,roshani.maharjan39@company.com,9843449924,9889951966,Mina Rai,,Flexible,Good,No
40,EMP0040,Aarav,Pandey,Male,34,Chitwan,Sales,Business Development Officer,Part-Time,2023-08-18,2,45000,6750,3.7,3,9,30,No,Inactive,Bachelor,aarav.pandey40@company.com,9867943072,9887892505,Prakash Karki,SQL,Flexible,Good,Yes
41,EMP0041,Anish,Adhikari,Female,31,Chitwan,Sales,Sales Manager,Contract,2025-04-04,1,162500,8125,4.5,13,13,51,Yes,Active,PhD,anish.adhikari41@company.com,9836393021,9816860253,Rita Thapa,AWS,Day,Excellent,Yes
42,EMP0042,Pratigya,Sharma,Female,56,Lalitpur,Operations,Operations Officer,Part-Time,2017-08-05,8,177500,26625,4.2,6,30,59,Yes,Inactive,Bachelor,pratigya.sharma42@company.com,9897299598,9897403192,Rita Thapa,Power BI,Evening,Excellent,Yes
43,EMP0043,Amit,Sharma,Female,23,Chitwan,Finance,Accountant,Intern,2025-07-28,1,117500,5875,4.7,12,17,21,Yes,Active,Master,amit.sharma43@company.com,9817143479,9882701840,Mina Rai,AWS,Day,Excellent,No
44,EMP0044,Suman,Shrestha,Male,49,Kathmandu,Marketing,Marketing Executive,Contract,2019-01-02,7,87500,7000,2.9,4,16,43,No,Active,Master,suman.shrestha44@company.com,9896723552,9897990221,Prakash Karki,Python,Flexible,Average,Yes
45,EMP0045,Pratigya,Pandey,Other,30,Lalitpur,Analytics,Data Scientist,Contract,2022-03-26,4,90000,10800,3.9,3,0,48,Yes,Active,Bachelor,pratigya.pandey45@company.com,9894458990,9866187470,Mina Rai,None,Flexible,Good,Yes
46,EMP0046,Ramesh,Maharjan,Male,36,Chitwan,IT,Software Engineer,Part-Time,2021-10-24,4,225000,33750,4.2,10,5,39,Yes,Inactive,Diploma,ramesh.maharjan46@company.com,,9833557996,Sanjay Sharma,None,Day,Average,No
47,EMP0047,Anish,Thapa,Female,21,Bhaktapur,IT,QA Engineer,Full-Time,2021-12-23,1,80000,9600,4.9,1,14,77,No,Active,Master,anish.thapa47@company.com,9861155566,9895030117,Rita Thapa,None,Evening,Good,Yes
48,EMP0048,Ramesh,Rai,Other,49,Kathmandu,Analytics,Data Analyst,Part-Time,2024-12-16,1,130000,13000,3.6,10,13,60,No,Inactive,PhD,ramesh.rai48@company.com,9832568994,9823644673,Prakash Karki,PMP,Flexible,Good,Yes
49,EMP0049,Roshani,Sharma,Other,41,Chitwan,Analytics,BI Analyst,Contract,2018-09-20,7,65000,5200,3.5,10,10,68,No,On Leave,Diploma,roshani.sharma49@company.com,9892734355,9883696064,Rita Thapa,AWS,Day,Excellent,No
50,EMP0050,Sujan,Lama,Female,33,Butwal,IT,QA Engineer,Contract,2021-09-26,4,87500,10500,4.2,3,14,48,No,Inactive,PhD,sujan.lama50@company.com,9892119212,9851221953,Sanjay Sharma,None,Evening,Excellent,No
51,EMP0051,Nabin,Poudel,Other,60,Lalitpur,Analytics,Data Analyst,Intern,2026-05-08,0,145000,14500,4.4,9,7,1,No,On Leave,Bachelor,nabin.poudel51@company.com,9867614636,,Amit Pandey,Power BI,Day,Excellent,Yes
52,EMP0052,Sanjay,Lama,Male,46,Kathmandu,HR,Recruiter,Contract,2025-08-09,0,85000,10200,3.8,6,0,69,Yes,Inactive,Bachelor,sanjay.lama52@company.com,9825693263,9839171865,Sanjay Sharma,,Evening,Excellent,No
53,EMP0053,Sneha,Khatri,Female,27,Kathmandu,Finance,Financial Analyst,Contract,2016-06-27,7,142500,11400,3.7,7,3,13,Yes,Active,Master,sneha.khatri53@company.com,9875191287,9855752567,Amit Pandey,PMP,Evening,Good,Yes
54,EMP0054,Runa,KC,Female,29,Kathmandu,Sales,Sales Manager,Part-Time,2017-01-16,9,40000,4800,3.6,2,14,63,Yes,On Leave,Bachelor,runa.kc54@company.com,9873830505,9857183874,Mina Rai,None,Evening,Average,Yes
55,EMP0055,Anita,Tamang,Other,31,Kathmandu,Marketing,Brand Manager,Contract,2015-03-31,11,80000,12000,4,5,8,55,Yes,On Leave,Diploma,anita.tamang55@company.com,9858975357,9820174959,Rita Thapa,Power BI,Flexible,Average,No
56,EMP0056,Sujan,Poudel,Other,59,Butwal,HR,HR Manager,Intern,2019-01-25,7,202500,24300,3.1,9,19,32,No,Active,PhD,sujan.poudel56@company.com,9865486797,9844977265,Prakash Karki,Python,Flexible,Good,No
57,EMP0057,Anita,Poudel,Other,59,Bhaktapur,Finance,Finance Officer,Intern,2020-07-14,6,35000,2800,4,6,22,40,Yes,Inactive,Bachelor,,9864493103,9896832664,Prakash Karki,Power BI,Evening,Good,No
58,EMP0058,Prakash,Lama,Female,45,Chitwan,Sales,Sales Executive,Contract,2023-01-13,3,37500,3750,3.5,6,25,32,No,Inactive,Bachelor,prakash.lama58@company.com,9858341019,9865479637,Sanjay Sharma,Power BI,Day,Good,No
59,EMP0059,Ramesh,Rai,Other,37,Chitwan,Finance,Finance Officer,Full-Time,2015-01-19,11,100000,8000,2.6,4,5,6,No,On Leave,Master,ramesh.rai59@company.com,9882437717,9871221053,Amit Pandey,SQL,Day,Good,Yes
60,EMP0060,Roshani,Shrestha,Other,27,Butwal,IT,Data Engineer,Part-Time,2016-08-11,7,222500,26700,2.6,8,26,71,Yes,Active,Diploma,roshani.shrestha60@company.com,9864888845,9859795676,Prakash Karki,PMP,Evening,Excellent,No
61,EMP0061,Deepak,Adhikari,Female,31,Bhaktapur,Operations,Operations Officer,Contract,2023-11-28,2,50000,2500,3.6,10,13,61,No,Inactive,Diploma,deepak.adhikari61@company.com,9810112314,9848578148,Rita Thapa,SQL,Flexible,Average,Yes
62,EMP0062,Prakash,Thapa,Female,39,Lalitpur,HR,HR Manager,Part-Time,2015-09-12,10,67500,5400,3.7,2,11,50,Yes,Active,PhD,prakash.thapa62@company.com,9859264105,9887444334,Sanjay Sharma,None,Evening,Excellent,No
63,EMP0063,Suman,Shrestha,Other,55,Kathmandu,Sales,Sales Manager,Contract,2016-08-22,9,105000,12600,3.9,13,25,17,Yes,Inactive,Diploma,suman.shrestha63@company.com,9836063000,9884127728,Rita Thapa,AWS,Evening,Excellent,Yes
64,EMP0064,Bikash,Tamang,Male,51,Bhaktapur,Analytics,Data Scientist,Full-Time,2016-06-13,10,237500,35625,2.8,5,25,68,Yes,On Leave,Master,bikash.tamang64@company.com,9856325053,9840377727,Amit Pandey,None,Evening,Good,No
65,EMP0065,Roshani,Shrestha,Female,34,Biratnagar,Analytics,Data Analyst,Full-Time,2021-11-19,4,72500,7250,4.9,14,13,9,No,On Leave,Diploma,roshani.shrestha65@company.com,9848110898,9850083036,Prakash Karki,,Day,Excellent,Yes
66,EMP0066,Aarav,Khatri,Male,41,Butwal,Sales,Business Development Officer,Intern,2019-07-14,7,42500,4250,2.7,8,16,52,No,Inactive,Diploma,aarav.khatri66@company.com,9892618075,9839377581,Amit Pandey,SQL,Flexible,Good,Yes
67,EMP0067,Mina,Tamang,Female,44,Biratnagar,Operations,Operations Manager,Full-Time,2019-07-12,7,207500,20750,3.9,9,11,51,Yes,On Leave,Master,mina.tamang67@company.com,9868167933,9872507834,Sanjay Sharma,None,Flexible,Good,No
68,EMP0068,Roshani,Maharjan,Female,43,Kathmandu,IT,Software Engineer,Intern,2017-09-23,8,117500,5875,3.1,4,20,26,No,On Leave,Master,roshani.maharjan68@company.com,9871761686,,Rita Thapa,None,Evening,Average,Yes
69,EMP0069,Binita,Basnet,Male,59,Butwal,Analytics,Data Analyst,Intern,2021-10-06,4,90000,9000,4.4,5,13,55,No,On Leave,PhD,binita.basnet69@company.com,,9863222909,Rita Thapa,Power BI,Flexible,Excellent,No
70,EMP0070,Anish,Poudel,Female,33,Lalitpur,Sales,Business Development Officer,Contract,2021-01-04,5,92500,4625,3.6,4,23,28,No,Inactive,Bachelor,anish.poudel70@company.com,9864526378,9872613862,Amit Pandey,Power BI,Flexible,Excellent,No
71,EMP0071,Sneha,Karki,Other,50,Kathmandu,Analytics,Data Scientist,Part-Time,2022-07-16,4,55000,6600,4.7,9,13,40,No,Active,PhD,sneha.karki71@company.com,9826061271,9847600699,Sanjay Sharma,SQL,Flexible,Good,Yes
72,EMP0072,Amit,Sharma,Other,38,Kathmandu,Finance,Finance Officer,Part-Time,2015-04-21,11,250000,25000,4.8,10,29,35,No,On Leave,PhD,amit.sharma72@company.com,9871713926,9879496093,Prakash Karki,None,Evening,Excellent,Yes
73,EMP0073,Anish,Lama,Female,44,Kathmandu,Marketing,Marketing Executive,Intern,2024-01-22,2,212500,10625,4.3,1,2,7,Yes,Active,Bachelor,anish.lama73@company.com,9894059886,9852075442,Sanjay Sharma,None,Flexible,Excellent,No
74,EMP0074,Aarya,Gurung,Other,59,Bhaktapur,Analytics,BI Analyst,Full-Time,2018-06-30,8,192500,15400,4.9,1,11,57,Yes,On Leave,Diploma,aarya.gurung74@company.com,9814857511,9851846762,Rita Thapa,PMP,Day,Excellent,No
75,EMP0075,Kiran,Tamang,Female,26,Kathmandu,Marketing,Content Specialist,Part-Time,2016-10-18,6,35000,2800,2.6,9,7,4,Yes,On Leave,Master,kiran.tamang75@company.com,9810752947,9894539529,Prakash Karki,Python,Evening,Excellent,No
76,EMP0076,Anita,Tamang,Female,43,Butwal,Marketing,Marketing Executive,Intern,2018-12-31,7,222500,17800,4.8,2,28,17,No,On Leave,Bachelor,,9815670826,9878610191,Mina Rai,None,Evening,Good,Yes
77,EMP0077,Roshani,Lama,Other,31,Butwal,Sales,Sales Executive,Intern,2019-07-28,7,225000,33750,2.7,15,28,24,Yes,Active,PhD,roshani.lama77@company.com,9818242695,9827301329,Mina Rai,Power BI,Flexible,Excellent,Yes
78,EMP0078,Sunita,Poudel,Male,59,Kathmandu,Analytics,BI Analyst,Intern,2017-05-19,9,127500,15300,4.8,11,12,60,No,Active,PhD,sunita.poudel78@company.com,9844867731,9883134170,Prakash Karki,,Day,Good,No
79,EMP0079,Runa,Poudel,Other,54,Biratnagar,Marketing,Marketing Executive,Intern,2018-04-15,8,135000,20250,3.7,5,17,11,Yes,On Leave,Master,runa.poudel79@company.com,9825926241,9871094430,Prakash Karki,None,Flexible,Good,No
80,EMP0080,Arjun,Adhikari,Female,31,Biratnagar,Analytics,BI Analyst,Part-Time,2015-07-23,11,245000,36750,4.5,3,0,67,Yes,On Leave,Master,arjun.adhikari80@company.com,9830715403,9894736966,Prakash Karki,Python,Flexible,Excellent,No
81,EMP0081,Aarav,Karki,Female,59,Bhaktapur,Operations,Operations Manager,Full-Time,2023-03-08,3,47500,5700,2.7,11,3,69,No,Active,Master,aarav.karki81@company.com,9850081864,9826393507,Sanjay Sharma,AWS,Day,Average,Yes
82,EMP0082,Rahul,Thapa,Female,45,Kathmandu,Finance,Finance Officer,Intern,2023-03-05,3,172500,13800,5,8,16,17,No,Inactive,Bachelor,rahul.thapa82@company.com,9814408661,9896296613,Mina Rai,PMP,Day,Excellent,Yes
83,EMP0083,Pooja,KC,Female,24,Pokhara,Sales,Sales Manager,Contract,2025-03-24,1,47500,2375,2.9,4,17,51,No,On Leave,PhD,pooja.kc83@company.com,9854881134,9837460878,Amit Pandey,AWS,Evening,Excellent,Yes
84,EMP0084,Rahul,Basnet,Female,44,Butwal,HR,Recruiter,Part-Time,2017-09-03,8,50000,2500,3.6,15,28,62,Yes,Active,PhD,rahul.basnet84@company.com,9819744349,9896527602,Mina Rai,SQL,Day,Good,No
85,EMP0085,Pooja,Khatri,Female,59,Biratnagar,Sales,Sales Executive,Part-Time,2024-02-12,2,207500,10375,4.4,6,8,27,Yes,Active,PhD,pooja.khatri85@company.com,9820233067,,Mina Rai,SQL,Day,Excellent,Yes
86,EMP0086,Pratigya,Thapa,Female,21,Chitwan,Finance,Financial Analyst,Part-Time,2023-04-02,1,72500,3625,3.2,15,4,76,No,Active,Diploma,pratigya.thapa86@company.com,9878479872,9838354028,Sanjay Sharma,AWS,Flexible,Average,Yes
87,EMP0087,Kiran,Tamang,Male,29,Bhaktapur,Analytics,Data Analyst,Contract,2017-07-21,9,75000,6000,2.9,4,22,66,No,Inactive,Bachelor,kiran.tamang87@company.com,9875621662,9881447513,Rita Thapa,Power BI,Evening,Good,Yes
88,EMP0088,Pratigya,KC,Other,54,Bhaktapur,Finance,Accountant,Contract,2022-04-16,4,125000,10000,3.1,13,14,55,No,Inactive,Diploma,pratigya.kc88@company.com,9895239113,9831021022,Sanjay Sharma,PMP,Evening,Good,Yes
89,EMP0089,Pratigya,Maharjan,Male,50,Bhaktapur,Finance,Financial Analyst,Intern,2016-12-23,9,105000,15750,3.1,12,1,46,No,Active,PhD,pratigya.maharjan89@company.com,9848204430,9887110232,Sanjay Sharma,Power BI,Evening,Good,Yes
90,EMP0090,Binita,Adhikari,Other,50,Lalitpur,HR,HR Officer,Part-Time,2018-09-27,7,157500,23625,4.6,8,3,1,No,On Leave,Master,binita.adhikari90@company.com,9844174538,9848430671,Prakash Karki,Power BI,Day,Good,No
91,EMP0091,Kiran,Poudel,Other,29,Lalitpur,Sales,Business Development Officer,Full-Time,2024-06-09,2,157500,7875,3.7,7,16,75,No,On Leave,Master,kiran.poudel91@company.com,9820708628,9864900957,Prakash Karki,,Day,Average,Yes
92,EMP0092,Rita,Thapa,Female,32,Kathmandu,Sales,Business Development Officer,Intern,2015-10-05,10,220000,33000,4.7,7,18,42,Yes,On Leave,Bachelor,rita.thapa92@company.com,,9821869890,Amit Pandey,SQL,Day,Excellent,Yes
93,EMP0093,Rahul,Khatri,Female,52,Kathmandu,HR,HR Manager,Intern,2015-05-19,11,62500,7500,4.9,3,19,66,No,Inactive,Master,rahul.khatri93@company.com,9835004522,9876875826,Prakash Karki,PMP,Evening,Good,Yes
94,EMP0094,Rahul,Pandey,Other,49,Pokhara,IT,Software Engineer,Contract,2021-02-15,5,170000,20400,3.2,3,20,26,Yes,Active,PhD,rahul.pandey94@company.com,9873692578,9868982824,Mina Rai,Power BI,Day,Good,No
95,EMP0095,Mina,Karki,Female,59,Biratnagar,Marketing,Content Specialist,Intern,2023-11-03,2,175000,14000,4.1,14,5,8,Yes,Inactive,Diploma,,9839052337,9832589858,Rita Thapa,SQL,Flexible,Excellent,Yes
96,EMP0096,Pratigya,Shrestha,Female,35,Biratnagar,Marketing,Brand Manager,Contract,2019-03-25,7,72500,5800,4.7,5,23,62,Yes,Active,Master,pratigya.shrestha96@company.com,9899228205,9813690274,Prakash Karki,None,Day,Good,No
97,EMP0097,Prakash,KC,Female,41,Biratnagar,HR,Recruiter,Contract,2026-02-14,0,215000,32250,3,2,15,51,Yes,On Leave,Bachelor,prakash.kc97@company.com,9853788620,9830192982,Prakash Karki,Power BI,Day,Excellent,No
98,EMP0098,Amit,Karki,Other,39,Lalitpur,Finance,Finance Officer,Contract,2024-03-19,2,45000,6750,3.6,6,26,68,No,Active,PhD,amit.karki98@company.com,9816172851,9813752892,Prakash Karki,Power BI,Flexible,Excellent,Yes
99,EMP0099,Binita,Karki,Male,36,Butwal,IT,QA Engineer,Intern,2016-06-08,10,152500,18300,2.6,13,21,3,Yes,Active,Bachelor,binita.karki99@company.com,9878656923,9819618499,Mina Rai,PMP,Day,Excellent,Yes
100,EMP0100,Roshani,Maharjan,Other,42,Biratnagar,Sales,Sales Executive,Full-Time,2021-05-29,5,117500,11750,3.4,6,3,45,No,Active,Master,roshani.maharjan100@company.com,9899824730,9843196434,Prakash Karki,PMP,Evening,Good,Yes
101,EMP0101,Mina,Lama,Female,31,Butwal,Analytics,BI Analyst,Part-Time,2016-06-26,10,210000,31500,4.1,15,23,7,No,Active,Diploma,mina.lama101@company.com,9891035867,9854449566,Amit Pandey,Python,Flexible,Excellent,Yes
102,EMP0102,Ramesh,Sharma,Male,57,Lalitpur,Operations,Project Coordinator,Full-Time,2024-12-21,1,215000,21500,4.6,2,13,67,No,On Leave,PhD,ramesh.sharma102@company.com,9828945559,,Prakash Karki,AWS,Flexible,Average,Yes
103,EMP0103,Ramesh,Tamang,Other,44,Pokhara,Operations,Project Coordinator,Full-Time,2022-12-08,3,172500,13800,4.4,3,17,34,No,Inactive,PhD,ramesh.tamang103@company.com,9820182234,9879899607,Mina Rai,Power BI,Evening,Excellent,Yes
104,EMP0104,Sanjay,Karki,Female,44,Kathmandu,Finance,Accountant,Full-Time,2015-07-08,11,165000,24750,4.3,3,13,49,Yes,On Leave,Master,sanjay.karki104@company.com,9898125015,9838059497,Prakash Karki,,Flexible,Excellent,No
105,EMP0105,Sabina,Pandey,Other,49,Lalitpur,Finance,Financial Analyst,Intern,2023-08-28,2,95000,14250,3.8,7,20,72,Yes,Active,Master,sabina.pandey105@company.com,9811487240,9851381739,Amit Pandey,None,Flexible,Average,No
106,EMP0106,Deepak,Poudel,Female,48,Biratnagar,IT,Data Engineer,Contract,2022-01-16,4,170000,13600,2.8,5,6,74,No,On Leave,Diploma,deepak.poudel106@company.com,9864110841,9824857172,Prakash Karki,PMP,Flexible,Excellent,No
107,EMP0107,Roshani,Rai,Female,45,Biratnagar,HR,Recruiter,Full-Time,2023-12-18,2,127500,6375,2.9,3,28,1,Yes,Active,PhD,roshani.rai107@company.com,9846019197,9883539296,Amit Pandey,AWS,Flexible,Good,No
108,EMP0108,Anish,Poudel,Other,52,Butwal,Sales,Business Development Officer,Contract,2023-07-01,3,200000,30000,3.7,5,18,73,No,On Leave,Diploma,anish.poudel108@company.com,9875760905,9889712241,Sanjay Sharma,Power BI,Evening,Good,No
109,EMP0109,Sujan,Tamang,Male,44,Chitwan,IT,Data Engineer,Part-Time,2021-07-16,5,240000,36000,3,14,23,52,No,Active,Diploma,sujan.tamang109@company.com,9882571368,9883310657,Sanjay Sharma,None,Day,Good,No
110,EMP0110,Sabina,Shrestha,Other,52,Kathmandu,Sales,Sales Manager,Part-Time,2025-02-25,1,117500,17625,4.7,4,13,35,Yes,Active,Bachelor,sabina.shrestha110@company.com,9828642937,9811754847,Rita Thapa,SQL,Day,Good,No
111,EMP0111,Aarya,Tamang,Female,54,Butwal,Finance,Accountant,Part-Time,2015-12-14,10,185000,22200,3.7,13,10,38,No,Inactive,Master,aarya.tamang111@company.com,9888759129,9821730882,Mina Rai,SQL,Flexible,Average,Yes
112,EMP0112,Sabina,Shrestha,Male,51,Biratnagar,HR,HR Manager,Intern,2021-04-17,5,135000,6750,5,5,6,40,Yes,Active,Diploma,sabina.shrestha112@company.com,9853529432,9887182438,Sanjay Sharma,Python,Evening,Good,No
113,EMP0113,Anish,Rai,Female,50,Pokhara,Marketing,Brand Manager,Intern,2019-05-20,7,77500,6200,2.7,13,8,47,Yes,On Leave,PhD,anish.rai113@company.com,9875495240,9874249204,Amit Pandey,SQL,Day,Good,Yes
114,EMP0114,Aarya,Lama,Other,47,Kathmandu,Analytics,Data Scientist,Part-Time,2021-04-02,5,90000,13500,2.9,15,28,26,Yes,Inactive,Bachelor,,9838411370,9836421875,Prakash Karki,AWS,Flexible,Good,No
115,EMP0115,Sanjay,Rai,Other,39,Biratnagar,Analytics,BI Analyst,Part-Time,2016-08-23,9,137500,20625,3.5,3,27,60,Yes,On Leave,PhD,sanjay.rai115@company.com,,9830089243,Rita Thapa,SQL,Day,Excellent,No
116,EMP0116,Ramesh,Maharjan,Other,60,Lalitpur,HR,HR Officer,Intern,2022-08-11,3,207500,16600,3.4,15,23,78,Yes,On Leave,PhD,ramesh.maharjan116@company.com,9873404768,9820000085,Rita Thapa,SQL,Evening,Excellent,No
117,EMP0117,Anish,Poudel,Male,53,Lalitpur,Finance,Accountant,Part-Time,2019-12-28,6,50000,2500,4.9,11,1,57,Yes,Inactive,Master,anish.poudel117@company.com,9861663450,9853848371,Prakash Karki,,Day,Good,Yes
118,EMP0118,Deepak,Karki,Female,31,Kathmandu,IT,Data Engineer,Full-Time,2018-05-07,8,162500,16250,3.1,13,1,66,Yes,Inactive,Diploma,deepak.karki118@company.com,9841658224,9877458760,Rita Thapa,AWS,Day,Average,Yes
119,EMP0119,Runa,Pandey,Other,44,Lalitpur,HR,HR Officer,Contract,2022-04-16,4,107500,10750,3.3,14,7,33,No,Inactive,PhD,runa.pandey119@company.com,9846081313,,Mina Rai,AWS,Flexible,Average,Yes
120,EMP0120,Amit,Poudel,Female,31,Biratnagar,Operations,Operations Officer,Intern,2016-12-11,9,182500,9125,4.4,4,22,52,Yes,On Leave,Master,amit.poudel120@company.com,9884589166,9869481985,Rita Thapa,Python,Evening,Average,Yes
121,EMP0121,Sanjay,Adhikari,Male,47,Pokhara,Finance,Finance Officer,Part-Time,2016-03-04,10,137500,6875,4.9,13,20,70,Yes,On Leave,Diploma,sanjay.adhikari121@company.com,9864490608,9825305380,Mina Rai,Python,Evening,Average,Yes
122,EMP0122,Aarya,Basnet,Male,51,Lalitpur,Marketing,Content Specialist,Contract,2019-04-24,7,42500,6375,2.5,1,17,49,Yes,Active,Diploma,aarya.basnet122@company.com,9872692830,9840366343,Mina Rai,Python,Evening,Excellent,No
123,EMP0123,Suman,Karki,Other,21,Biratnagar,Operations,Operations Officer,Part-Time,2020-12-25,1,100000,5000,2.6,12,22,13,No,On Leave,Bachelor,suman.karki123@company.com,9864398068,9821959510,Rita Thapa,AWS,Evening,Excellent,Yes
124,EMP0124,Mina,Tamang,Other,51,Biratnagar,Marketing,Content Specialist,Part-Time,2023-12-12,2,177500,17750,4.2,13,4,52,Yes,Inactive,Master,mina.tamang124@company.com,9885442780,9821786936,Prakash Karki,PMP,Day,Average,Yes
125,EMP0125,Sanjay,Khatri,Male,59,Bhaktapur,Marketing,Content Specialist,Contract,2017-02-22,9,105000,5250,3.6,8,0,49,Yes,On Leave,Diploma,sanjay.khatri125@company.com,9862985066,9889937760,Sanjay Sharma,Power BI,Flexible,Excellent,No
126,EMP0126,Sita,Lama,Other,28,Bhaktapur,Marketing,Brand Manager,Intern,2025-06-16,1,180000,21600,4.3,4,29,37,Yes,Active,Master,sita.lama126@company.com,9862211642,9852134402,Rita Thapa,None,Evening,Average,Yes
127,EMP0127,Prakash,Rai,Female,50,Bhaktapur,Marketing,Brand Manager,Intern,2021-03-26,5,65000,6500,5,8,15,24,Yes,Inactive,Master,prakash.rai127@company.com,9871549258,9848005441,Rita Thapa,None,Day,Good,No
128,EMP0128,Anita,Adhikari,Other,26,Biratnagar,Marketing,Content Specialist,Full-Time,2017-09-14,6,195000,15600,3,8,17,23,Yes,On Leave,Master,anita.adhikari128@company.com,9851695945,9811013459,Prakash Karki,None,Day,Excellent,No
129,EMP0129,Sita,Pandey,Female,22,Butwal,Operations,Operations Officer,Intern,2025-06-23,1,195000,19500,3.2,11,6,10,No,Inactive,Master,sita.pandey129@company.com,9866344237,9874422393,Rita Thapa,AWS,Evening,Good,No
130,EMP0130,Nabin,KC,Female,41,Biratnagar,Operations,Operations Officer,Intern,2017-07-01,9,175000,17500,4.4,3,23,53,Yes,On Leave,Master,nabin.kc130@company.com,9821425430,9828721006,Sanjay Sharma,,Evening,Average,No
131,EMP0131,Rita,Pandey,Other,48,Butwal,HR,HR Officer,Contract,2023-10-18,2,170000,25500,3.7,7,18,61,Yes,Active,Master,rita.pandey131@company.com,9867615075,9846545625,Sanjay Sharma,PMP,Flexible,Good,No
132,EMP0132,Amit,KC,Other,31,Butwal,Finance,Finance Officer,Full-Time,2018-01-20,8,130000,13000,4.3,10,0,5,No,On Leave,Master,amit.kc132@company.com,9825304867,9883974314,Mina Rai,AWS,Evening,Average,No
133,EMP0133,Aarya,Rai,Male,34,Pokhara,Finance,Finance Officer,Intern,2026-02-10,0,115000,11500,2.5,3,11,21,Yes,On Leave,Master,,9866873653,9816280106,Amit Pandey,Power BI,Evening,Excellent,Yes
134,EMP0134,Sanjay,Khatri,Other,54,Butwal,Finance,Finance Officer,Full-Time,2025-01-30,1,165000,8250,4.3,8,10,5,No,On Leave,Master,sanjay.khatri134@company.com,9899711916,9887173967,Amit Pandey,Power BI,Flexible,Excellent,No
135,EMP0135,Bikash,Rai,Other,57,Butwal,Operations,Operations Officer,Contract,2019-02-03,7,70000,8400,4.5,1,14,70,No,Inactive,PhD,bikash.rai135@company.com,9855378650,9845380680,Prakash Karki,PMP,Day,Excellent,Yes
136,EMP0136,Prakash,Maharjan,Male,22,Pokhara,Operations,Operations Manager,Full-Time,2020-10-06,2,107500,10750,2.7,15,18,56,No,On Leave,Master,prakash.maharjan136@company.com,9846381299,,Sanjay Sharma,Python,Day,Good,Yes
137,EMP0137,Amit,Karki,Female,42,Lalitpur,Sales,Sales Executive,Contract,2023-08-22,2,197500,9875,4.4,7,5,9,Yes,On Leave,Diploma,amit.karki137@company.com,9877977817,9825138757,Prakash Karki,SQL,Evening,Excellent,Yes
138,EMP0138,Pooja,Khatri,Female,32,Kathmandu,IT,QA Engineer,Full-Time,2026-01-05,0,235000,28200,4.8,6,14,39,No,Active,Master,pooja.khatri138@company.com,,9814856855,Amit Pandey,None,Day,Excellent,Yes
139,EMP0139,Sujan,Gurung,Female,24,Butwal,Sales,Business Development Officer,Intern,2024-08-27,1,152500,15250,5,8,27,63,Yes,Inactive,Master,sujan.gurung139@company.com,9841691465,9876681114,Rita Thapa,Power BI,Day,Average,No
140,EMP0140,Rahul,Poudel,Female,36,Kathmandu,Finance,Financial Analyst,Part-Time,2019-07-09,7,55000,6600,2.8,9,3,33,No,Active,Master,rahul.poudel140@company.com,9835349138,9869524317,Rita Thapa,Power BI,Flexible,Excellent,No
141,EMP0141,Sneha,KC,Male,28,Biratnagar,Marketing,Brand Manager,Full-Time,2018-04-22,8,37500,3750,5,15,18,29,Yes,Active,PhD,sneha.kc141@company.com,9827691817,9854391749,Amit Pandey,SQL,Evening,Good,No
142,EMP0142,Anish,Thapa,Female,48,Kathmandu,Marketing,Marketing Executive,Part-Time,2022-12-21,3,77500,7750,3.9,4,21,70,Yes,On Leave,Master,anish.thapa142@company.com,9846384488,9861387040,Sanjay Sharma,None,Flexible,Excellent,No
143,EMP0143,Ramesh,Karki,Female,33,Lalitpur,IT,Data Engineer,Part-Time,2019-07-27,7,220000,17600,3.8,2,1,6,Yes,Active,PhD,ramesh.karki143@company.com,9849486194,9891829050,Amit Pandey,,Day,Excellent,Yes
144,EMP0144,Sanjay,Basnet,Male,51,Kathmandu,Finance,Finance Officer,Contract,2018-06-06,8,67500,3375,4.9,9,30,31,No,Active,Bachelor,sanjay.basnet144@company.com,9885588247,9887236300,Mina Rai,PMP,Flexible,Good,No
145,EMP0145,Anita,Maharjan,Male,27,Bhaktapur,HR,Recruiter,Part-Time,2016-11-05,7,70000,8400,3.8,12,4,70,No,Active,Diploma,anita.maharjan145@company.com,9814711886,9824351698,Prakash Karki,None,Day,Excellent,Yes
146,EMP0146,Anita,Karki,Female,28,Chitwan,Operations,Operations Officer,Contract,2023-11-03,2,210000,21000,3.2,6,17,80,No,Active,Master,anita.karki146@company.com,9893718200,9854339328,Sanjay Sharma,Power BI,Flexible,Average,No
147,EMP0147,Mina,Lama,Other,40,Biratnagar,HR,HR Officer,Full-Time,2016-06-09,10,235000,11750,4,8,0,8,No,On Leave,Bachelor,mina.lama147@company.com,9883240890,9845164663,Mina Rai,PMP,Evening,Average,Yes
148,EMP0148,Aarav,Tamang,Other,35,Lalitpur,Sales,Sales Manager,Contract,2022-08-03,3,45000,2250,3.9,14,18,49,No,Active,Bachelor,aarav.tamang148@company.com,9817882426,9815629239,Rita Thapa,Python,Day,Good,Yes
149,EMP0149,Sabina,KC,Male,39,Bhaktapur,Analytics,Data Analyst,Full-Time,2017-03-25,9,150000,12000,3.2,8,26,58,Yes,Active,Bachelor,sabina.kc149@company.com,9840955018,9841011816,Prakash Karki,Power BI,Day,Excellent,No
150,EMP0150,Kiran,Khatri,Male,52,Kathmandu,Finance,Accountant,Part-Time,2015-04-08,11,37500,1875,3.4,4,15,77,Yes,Active,PhD,kiran.khatri150@company.com,9822925352,9870724787,Sanjay Sharma,Python,Flexible,Good,No
